id,user_id,question_1,question_2,question_3,question_4,question_5,question_6,question_7,created_at,updated_at
a3034093-41c2-460f-a094-f5ef0510560d,38edac72-9f6c-427a-8590-b98fb351c0fd,false,false,false,false,false,false,false,2025-03-19,2025-03-19
70688700-b738-493c-8086-aaf72ba60ef8,e27299c4-213f-43e8-b904-94bbf34ab584,false,false,false,false,false,false,false,2025-03-19,2025-03-19
e489a4f4-907d-4599-965e-7f86ed6ecfac,86a2c6e8-3a80-4b94-86ca-082adacf9c9a,false,false,false,false,false,false,false,2025-03-19,2025-03-19
7e72c355-3001-495b-ba8d-abe9bcc3190f,9362008d-ccf4-4e08-a572-d862fedeec8c,false,false,false,false,false,false,false,2025-03-19,2025-03-19
e479a514-eb44-4bda-b4bb-745dfc3557cd,8cf0434c-0134-4470-88a3-29f4d4316614,false,false,false,false,false,false,false,2025-03-20,2025-03-20
dcbf521c-2365-45df-97ba-8a0498c09c61,dad19d4e-611f-4dce-ad99-e346aeff68c7,false,false,false,false,false,false,false,2025-03-20,2025-03-20
af925e80-5c56-48cc-96e5-2c396ab545b1,db344a16-fa00-4903-9b7f-bd97a092c1ef,false,false,false,false,false,false,false,2025-03-20,2025-03-20
3689c120-c578-4edf-9375-4fe271baa22e,1c0e367a-4c01-46de-978e-5908b6b4e5c2,false,false,false,false,false,false,false,2025-03-20,2025-03-20
7270ded3-5d15-44b0-b550-2681af286469,c8c9997f-7520-4993-b940-cd993ec12bad,false,false,false,false,false,false,false,2025-03-20,2025-03-20
abcd9bc1-44f9-4deb-a99e-514acf894189,67411132-3410-466a-ab05-31eb079eb218,false,false,false,false,false,false,false,2025-03-20,2025-03-20
d01f81b3-25de-49f0-9da8-e16f09f05dc7,54f75375-782a-4783-925f-b4029582725d,false,false,false,false,false,false,false,2025-03-20,2025-03-20
b0cd1472-da88-4925-8d45-a998fcf7704e,30530180-465d-4c4b-9c23-122a15c01074,false,false,false,false,false,false,false,2025-03-20,2025-03-20
f1ffb399-d1a4-40b9-99c7-a9139576b07c,37590d6f-58a6-4cf0-a3e7-61b0c4134e42,false,false,false,false,false,false,false,2025-03-20,2025-03-20
9032a559-9b96-4ad2-a81c-f053ebe1032d,b9b4f14c-18bf-476f-9fd6-f6330b8c053c,false,false,false,false,false,false,false,2025-03-20,2025-03-20
43819d15-795c-4b71-97d4-4e1b0bc673ed,daad53e8-7969-47af-849a-830300fcaa1c,true,true,true,true,true,true,true,2025-03-20,2025-03-20
7352a3c9-3e05-4f92-8afa-9244de09ae19,7dbaa438-8161-4ba3-b9ad-6efcab028a8d,false,false,false,false,false,false,false,2025-03-20,2025-03-20
7ce0b6b5-dd99-42b6-9447-6fd15643de18,f52d692c-1372-42f2-9633-cea61c2c277b,false,false,false,false,false,true,false,2025-03-20,2025-03-20
ef2b9dda-7865-416e-8a35-6c50ee3d1bdf,afb51ade-2c61-42dd-ac33-0f37e5e9ca62,false,false,false,false,false,false,false,2025-03-20,2025-03-20
8c4b5ade-3be7-4611-b08a-bd03ad600ae4,afb51ade-2c61-42dd-ac33-0f37e5e9ca62,false,false,false,false,false,false,false,2025-03-20,2025-03-20
26646c7c-1c41-4358-94a0-447837b94b6e,e5c31e1c-fc92-4fbe-b832-48ba115025bb,false,false,false,false,false,false,false,2025-03-20,2025-03-20
90ab3d5f-d9ce-4892-89a9-0ce5f4a9b9c3,45631d3e-34f1-44d9-8e0b-e8ff0c8094dd,false,false,false,false,false,false,false,2025-03-20,2025-03-20
e29e19f0-b851-438d-9373-fe9effbe7b8a,e0e54ff8-16c3-4c53-9f13-6c31c1524a5a,false,false,false,false,false,false,false,2025-03-20,2025-03-20
e3690162-62ed-4efe-9d4f-f43f1ddd84fd,b132d520-3ed1-440d-9af1-f226ca80859d,false,false,false,false,false,false,false,2025-03-21,2025-03-21
dc5ea7d9-7b13-43f7-962a-f41872a8783f,ed149bae-0d50-420e-8831-243a7b2f513e,false,false,false,false,false,false,false,2025-03-21,2025-03-21
0e1bcaa8-f222-4e08-a50f-3be544baefed,4cd1de3d-9db1-4bb6-8f49-ea94b7f5b9db,false,false,false,false,false,false,true,2025-03-21,2025-03-21
f8100fd6-1eda-4680-9d84-c580fe310739,dbf67db1-fe13-4e4c-af2d-9deb7c67688c,false,false,false,false,false,false,false,2025-03-21,2025-03-21
2643fc80-ffb6-428f-9279-639c34da67f6,b90d4525-de7d-4e51-b185-a397a5d6ed1f,false,false,false,false,false,false,false,2025-03-21,2025-03-21
3fe1b3d6-e802-4c2c-b4cc-4a4fd1659b0b,a73bac8c-e6ae-4a64-b77c-cdf374784350,false,false,false,false,false,false,false,2025-03-21,2025-03-21
41971cb1-8ca1-4637-bf76-4436240a196c,6264eac0-27bb-4072-a3dc-72e3167cf01b,false,false,false,false,false,false,false,2025-03-21,2025-03-21
2b8b2e62-d072-4a62-92c4-164974dd9d7d,ebdf0d27-973b-4abf-9027-87d9b44788ab,false,false,false,false,false,false,false,2025-03-21,2025-03-21
6b3e6bdc-3289-476f-9242-0d63a8ddebe0,e3a298de-2110-4edc-aa37-89c9e2ece6b7,false,false,false,false,false,false,false,2025-03-21,2025-03-21
5b8ab8f0-4d20-40f2-8d33-95d56155d27b,38382631-d669-4c23-9ae4-6d4cf7a58d05,false,false,false,false,true,false,false,2025-03-21,2025-03-21
5a6bd60c-b026-4398-835a-3a6790ae1d5b,0ece6a9e-26ea-46ab-a3ce-af7452966242,false,false,false,false,false,false,false,2025-03-21,2025-03-21
e5471810-04fb-487a-a652-d914590cfa59,ad53f0db-9439-4da0-88f2-9a2354692df9,false,false,false,false,false,false,false,2025-03-21,2025-03-21
efcab03f-e631-4ab4-aebb-46224c9624fa,f18a68db-002c-4615-858b-5563725c97ba,false,false,false,false,false,false,false,2025-03-21,2025-03-21
c2e95611-e0b4-4346-b46c-1dacc0f6c3ff,e6040c78-bf77-45cd-914f-3e5e9008649f,false,false,false,true,true,true,false,2025-03-21,2025-03-21
7e3d8acf-3b5b-4e2e-8876-a6cae51ad844,ae4ab16f-efc1-403a-ba55-d43c793eee19,false,false,false,false,false,false,false,2025-03-21,2025-03-21
ec5c556b-15d1-4dae-8146-9a4815219a0a,412ff3ba-99f8-4400-8f65-699d935fdbbe,false,false,false,false,false,false,false,2025-03-21,2025-03-21
f6e05797-f547-4a6c-94f2-d0e5692bca21,f1463810-c49d-4cdb-9109-edc157bd52d5,false,false,false,true,true,true,false,2025-03-21,2025-03-21
0a404fa8-03b1-4c52-81a5-f21718dee495,cd9c35aa-4924-448b-b78e-611ed536d7cc,false,false,false,false,false,false,true,2025-03-21,2025-03-21
bd422739-be88-4487-aefd-d2d3f03505e3,4eb6f6a2-8c9b-4e15-894a-7f5b71fa57fc,false,false,false,true,false,false,false,2025-03-21,2025-03-21
fb16cab6-de92-4a94-9626-24abbf74bb53,38f11c03-0acd-4784-bb1e-ed5386e132a0,true,true,true,true,true,true,true,2025-03-21,2025-03-21
56a32319-7672-4659-9b55-c26b2f66ebfa,5cb27cb1-f6e1-49f1-98c6-04a4dcbf81b4,false,false,false,false,false,false,false,2025-03-21,2025-03-21
009af90e-b747-4dd2-ba9d-9c337e70fdd8,a10ac7c0-170c-4183-9feb-1956d55571d0,false,false,false,false,false,false,false,2025-03-21,2025-03-21
70b5a482-ce7f-45e8-9c07-d2706928786b,33dc811f-ad70-4e01-b6f7-80036459c0cf,false,false,false,false,false,false,false,2025-03-21,2025-03-21
562c2b65-ce90-4f32-a6ce-4479bb9d21bb,70d4e03b-c32d-4c26-9535-3f5c5dbb8629,false,false,false,false,false,false,false,2025-03-21,2025-03-21
c7bfc2e2-6f8e-40a8-bbfd-a57abd567b09,08fb62e6-0f01-418b-a0b1-e160ee23dbae,false,false,false,false,false,false,false,2025-03-21,2025-03-21
c906f83e-abe0-420f-b4f8-32fff92e1bbc,222d77e1-ec2f-41eb-a0d7-90e0a08d4c2e,false,false,false,false,false,false,false,2025-03-21,2025-03-21
88604c3f-1295-40f6-9cf0-b7f10824b4d8,b0cf20be-f579-44df-98a8-2f0c3f266e35,false,false,false,false,false,false,false,2025-03-21,2025-03-21
012c2348-f375-4a26-8a2c-1775654c7f7a,80363ab7-1d0d-482b-b54c-31bebaf8ddff,false,false,false,false,false,false,false,2025-03-21,2025-03-21
887d1925-d105-4416-bbb1-d711605c4611,42910b14-c628-423c-8432-313dadbf8452,false,false,false,false,false,false,false,2025-03-21,2025-03-21
12fcc6fd-fdcc-4537-a0b1-43e31fe2ae00,5ad51dce-a490-4c1e-913e-030364791385,false,false,false,false,false,false,false,2025-03-20,2025-03-21
c2110228-bd02-47c6-8585-d7968ff37009,e9df7f8a-94e8-4092-871b-354234e68d49,false,false,false,false,false,false,false,2025-03-21,2025-03-21
8f4e7267-b215-4c03-bf7c-eea97c6a540e,607fc2ae-26d6-4231-b455-78dc0087ce12,false,false,false,false,false,false,false,2025-03-21,2025-03-21
b57d3b95-a712-4389-b68f-3415cb4ba59f,7ef6c3ea-440e-44d8-95ac-c7b2d0f644e2,false,false,false,false,false,false,false,2025-03-21,2025-03-21
34ebab2a-036b-4d19-bc27-e7193f459e43,b90cfe10-f42c-4015-8962-85ee2a98fb62,false,false,false,false,false,false,false,2025-03-20,2025-03-21
78468b6e-069f-4890-a2be-eedc06b98fb8,ad7233dd-25cd-45d9-8665-e20977daca7e,true,true,true,true,true,true,true,2025-03-21,2025-03-21
09afa8b1-f35e-468b-8a8b-6aa74f2374aa,14965c75-af13-4c38-9744-59fedd52ac36,false,false,false,false,false,false,false,2025-03-21,2025-03-21
9044b60e-6328-44fa-85c8-124b258505d0,fcb7d763-e5cc-4765-bf48-3db43a6fa2cb,false,false,false,false,false,false,false,2025-03-21,2025-03-21
49872343-cb7a-41b9-b06b-cb84bb59c54b,922f2743-3833-4f7d-bb75-7d10d72a99fc,false,false,false,false,false,false,false,2025-03-21,2025-03-21
a35ec729-ee3a-48f1-a98b-464a0bc272b5,05230882-7be6-4515-86e5-3405d630201d,false,false,false,false,false,false,false,2025-03-20,2025-03-21
86647029-0fc4-48be-97f0-5b899efa2ba8,088a0faa-0271-42b2-a162-2d64f8ca0633,false,false,false,false,false,false,false,2025-03-21,2025-03-21
5fb4c8a0-b9fd-445b-824e-b578f0ba93c7,ce6f4fb8-6e8c-4239-a47c-789310510070,false,false,false,false,false,false,false,2025-03-21,2025-03-21
d5a69a3e-d10e-46de-8267-7a48084366e5,7dbb2461-35f8-4d32-92c6-c224cca54361,false,false,false,false,false,false,false,2025-03-21,2025-03-21
843556a6-5efd-4f9e-b49b-aa05f02d96bc,bdac258e-0dc8-4339-aa0a-0d9f2042ac1a,false,false,false,false,false,false,false,2025-03-21,2025-03-21
ee91939f-c824-472d-811c-8bc155f0056a,a091e201-f3ff-457f-956c-c0cc9d26380f,false,false,false,false,false,false,false,2025-03-21,2025-03-21
824f693a-3a89-4c44-b66e-2ee65ac7a99b,1ea414e4-24b7-45e4-ae9c-a05025c4ed7a,false,false,false,false,false,false,false,2025-03-21,2025-03-21
30814e2c-c33e-4027-b56c-0359f62d8b4d,db84360a-f3ce-4e85-b53e-82382068503b,false,false,false,true,false,false,false,2025-03-21,2025-03-21
b83f6a46-fb4a-48d3-a2b8-5c0221007ece,cf980759-19e9-4905-bfbb-c5b79bff7387,false,false,false,false,false,false,false,2025-03-21,2025-03-21
5e4c8d18-4f1b-409f-bab3-a621e32ce5ed,565b588e-c5c1-4ee4-b2b9-f70854408075,false,false,false,false,false,false,false,2025-03-21,2025-03-21
2d567302-89fc-43df-ba6b-a8af4d06bdd9,55dd0daf-776d-4c22-9bfd-a789153d63d3,false,false,false,false,false,false,false,2025-03-21,2025-03-21
54255dcc-8aa3-4bb3-9369-b05dd16fad72,c97d7415-e1fe-499a-8582-3f37c62664c4,false,false,false,false,false,false,false,2025-03-21,2025-03-21
eb15c04f-d741-49e8-a57f-e6f55e67188a,a1d5ce9d-ed10-4248-8106-78cdb4b4f99c,true,true,true,true,true,true,true,2025-03-21,2025-03-21
a867cce1-ee91-4fca-9527-95f32e99f76c,dd21afcf-0647-4b57-8df9-f0d0f3f1b6bd,false,false,false,false,false,false,false,2025-03-21,2025-03-21
320dc4a1-9b08-4271-88a6-c31e7b6f6246,e49f009d-88e4-4362-8cac-614b8bac06c6,false,false,false,false,false,false,false,2025-03-21,2025-03-21
6869cd20-58db-413d-9455-d50db1db032b,b9b4f14c-18bf-476f-9fd6-f6330b8c053c,false,false,false,false,false,false,false,2025-03-21,2025-03-21
b41f5b33-71de-479e-b73c-a21334ec7813,9ef2d10c-d38a-4a6e-a367-6a335a2cd5ce,false,false,false,false,false,false,false,2025-03-21,2025-03-21
4c75b819-6963-4a19-8ddc-26996ab8142f,086fb797-0c65-4f6f-b760-dcd888c38648,false,false,false,false,false,false,false,2025-03-21,2025-03-21
1f746ec8-0729-48d6-9e67-c225ac86acf1,9661a838-d418-49db-8de9-adc07774be99,false,false,false,false,false,false,false,2025-03-21,2025-03-21
9b965c3a-8743-4816-8ba8-d4c9afb78ae1,92904886-4717-4d88-a348-f1dbd422e373,true,true,true,true,true,true,true,2025-03-21,2025-03-21
34f98afc-c6ac-410b-bd7b-192c2d2d86ce,b0cf20be-f579-44df-98a8-2f0c3f266e35,false,false,false,false,false,false,false,2025-03-21,2025-03-21
eeab501a-0431-4b7a-99a9-b76840ba12ec,e3a298de-2110-4edc-aa37-89c9e2ece6b7,false,false,false,false,false,false,false,2025-03-21,2025-03-21
11ae3aa2-7bb3-49ed-a45f-e6b95f364309,92a52c01-7b68-4213-95e1-5de4aba7e8bf,false,false,false,false,false,false,false,2025-03-21,2025-03-21
5b065f95-c5a6-4e73-a9eb-6fdd80dee0af,429ea866-baac-44cb-91dd-d6477fa00159,false,false,false,false,false,false,false,2025-03-21,2025-03-21
a2a7defc-abd9-44b2-96a1-7d130680554b,67411132-3410-466a-ab05-31eb079eb218,false,false,false,false,false,false,false,2025-03-21,2025-03-21
4801e3a5-ec5b-46ef-8ce8-619f859ffd96,34f50cb2-4996-4011-be10-eb93f7aa48ce,false,false,false,false,false,false,false,2025-03-21,2025-03-21
6ff1f483-0b18-4010-883b-735eae3232cd,66c88601-1ad3-4ff2-9a59-66abbe9a3422,true,true,true,true,true,true,true,2025-03-21,2025-03-21
70e824f2-110e-487c-ba1b-0402d16d8f64,36d04778-b8b5-4569-bef5-0954a5841b15,false,false,false,false,false,false,false,2025-03-21,2025-03-21
219bf1d8-50ac-450d-9b23-030a26bfd80d,b527db37-b017-44a1-9b34-2fb26f029058,false,false,false,false,false,false,false,2025-03-21,2025-03-21
0437261d-f3d0-478b-aab0-0f5ca6e2d128,f18a68db-002c-4615-858b-5563725c97ba,false,false,false,false,false,false,false,2025-03-21,2025-03-21
3b8029c2-df39-4ce2-822a-d714a2035c61,651a38bb-5d45-4bca-9279-f2c5e3a2161b,false,false,false,false,false,false,false,2025-03-21,2025-03-21
c5931cb1-0b29-496b-ba13-707aaadad99c,d752d597-7616-4a9c-94d1-f716c9370161,true,true,true,true,true,true,true,2025-03-21,2025-03-21
340ba504-f08a-4c1f-b10a-378b5eb190ca,fbe5799d-e660-4417-803c-2537a2994d75,false,false,false,false,false,false,true,2025-03-21,2025-03-21
17e719ce-fdaf-4d4d-ae4f-78c8eab35ba3,5cf057c5-8da6-44ba-ba32-8c3750bd56ac,false,false,false,false,false,false,false,2025-03-21,2025-03-21
72769867-89f3-46a4-9aa2-fbb87e715a7e,62677fbd-03a0-4632-b40e-c7d19dc0d10e,false,false,false,false,false,false,false,2025-03-21,2025-03-21
1165ffa5-a249-4c6a-a5a6-1fd11f25fad0,fb9566f5-c0b2-42dc-a1e9-ddce1f1ea9f5,false,false,false,false,false,false,false,2025-03-21,2025-03-21
4ffd6f86-a8cb-4c95-b4fd-e142eac0b71b,891b9f3e-2259-4c19-b6b7-258c5a5a80b8,false,false,false,false,false,false,false,2025-03-21,2025-03-21
7452e14b-46b3-4c5a-bdd6-e92765304488,6e1ef5fb-1ce4-4958-91fc-0b7e75460e3d,true,true,true,true,true,true,true,2025-03-21,2025-03-21
0a2359fd-07ae-4285-b1e9-e016144ccb28,8e130e63-a732-47b4-9124-e795a95b32eb,false,true,false,false,false,false,false,2025-03-21,2025-03-21
8c2e9c16-9b8b-4233-a443-cad94bd5f2e8,891b9f3e-2259-4c19-b6b7-258c5a5a80b8,false,false,false,false,false,false,false,2025-03-21,2025-03-21
23a334e6-56b7-49db-8278-0fc0de90d658,0c3ab0bf-91da-43eb-9869-dcafbed9904e,false,false,false,false,false,false,false,2025-03-21,2025-03-21
3f8fbceb-41db-4777-b513-94409845a12a,1aa56f40-5bdd-44d5-b723-ea36c3fd7e76,true,true,true,true,true,true,true,2025-03-20,2025-03-21
3ebdeeb9-43a6-4c3d-8783-9d745a7995f8,23f8eb03-2b37-4701-9dd2-527c89b3c533,false,false,false,false,false,false,false,2025-03-21,2025-03-21
d0b554e1-4d42-4fbc-b4d8-52eeec21c210,c0d92ef7-2614-434a-9793-36e5f16ddd16,false,false,false,false,false,false,false,2025-03-21,2025-03-21
d521fd27-f21e-4711-98d2-7f1535d5b0da,a6af3432-ea68-41f5-a281-a22f0456b8f2,false,false,false,false,false,false,false,2025-03-21,2025-03-21
0b51b03d-bc3a-4bd3-878b-9d201303dc9a,1ba9e017-6cd2-4425-b356-9e1e80f71d88,true,false,false,false,false,true,false,2025-03-21,2025-03-21
ebf79cfb-18b0-4693-aeea-757606ee908b,7efe2954-6421-44cd-94c6-6991ac8811c0,false,false,false,false,false,false,false,2025-03-21,2025-03-21
30179156-2027-471d-a2db-8aaf71aa3329,654d120b-a3f2-4292-9b08-5a5faf4e739a,false,false,false,false,false,false,false,2025-03-21,2025-03-21
d3a619ba-dfb0-4ceb-8603-557c2353d251,8142f256-e3a5-4a64-8a6f-46ceae159d97,false,false,false,false,false,false,false,2025-03-21,2025-03-21
76485733-78bf-43d6-8919-0cfc1a274f5a,b4801e34-da91-4ea8-8832-f5ea0069bea1,false,false,false,false,false,false,false,2025-03-21,2025-03-21
aeb110bf-8de4-4ef8-8ba8-34010c668d09,7ce683b8-e1e0-430b-b569-6bacc1d3e30d,false,false,false,false,false,false,false,2025-03-21,2025-03-21
287395f9-1df8-4012-8611-aba2a07352f3,2ef87671-63fa-4d1d-b5d2-ddb52ec4332c,false,false,false,false,false,false,false,2025-03-21,2025-03-21
8f60bec2-dc68-4b0d-b896-792826152987,f0e311e5-c30e-4e01-a105-24746d5b9f67,false,false,false,false,false,false,false,2025-03-21,2025-03-21
fe47fbc4-1bdf-4b23-864c-b20e68750d91,909d7df1-e022-441c-91a5-715a3b293d5e,false,false,false,false,false,false,false,2025-03-21,2025-03-21
cf4ecd3e-862a-4d45-96c0-f3636bf42246,327ace0d-0c3b-4336-90e3-5c02f089f25d,false,false,false,false,false,false,false,2025-03-21,2025-03-21
22ec5ea1-60c4-4681-8164-5b7cbaedddff,f31efb6d-1f91-4b62-b3ee-a0afcb8d80db,false,false,false,false,false,false,false,2025-03-21,2025-03-21
f25fc053-68d3-492c-9c4e-8194b0c65677,9bda47c5-5c50-4524-bd1e-210af8ae011e,false,false,false,false,false,false,false,2025-03-21,2025-03-21
94a7aea8-c5b5-4086-a2e9-c523b4478e42,3a97a8e4-6243-4f43-a2a6-cfaf0544f737,false,false,false,false,false,false,false,2025-03-21,2025-03-21
6dff732e-27a6-4757-8a9e-534834d540b6,02c685fd-b00e-4eee-90aa-92e46fde179a,false,false,false,false,false,false,false,2025-03-21,2025-03-21
97bd84fe-ac34-4ae0-ae7d-e53438d52c1c,d7ec8e8b-fd9d-4a04-9b1e-df574ca10d3e,false,false,false,false,true,false,false,2025-03-21,2025-03-21
481cdf60-f925-4535-a239-4991ed28efd7,55feb90b-2a83-4580-9447-55cbfd822305,false,false,false,false,false,false,false,2025-03-21,2025-03-21
41ff3ecb-9dd9-4fe8-a768-6137d1b0447c,40b0a7cf-7a17-4b31-aad5-5f7b8697e227,false,false,false,false,false,false,false,2025-03-21,2025-03-21
e2738cb7-b664-4f3f-9677-f40c22e13f81,1a3caab7-8d5c-4833-9c60-8fd35df6fa9b,false,false,false,false,false,false,false,2025-03-21,2025-03-21
7f29229c-2a89-4777-aac2-5201be82d1c2,271dfc69-fcfe-4dbb-84f7-2d8875758224,false,false,false,false,false,false,false,2025-03-21,2025-03-21
a91209c6-caf1-463f-a4ec-292e74ac2fbd,aff7e965-e631-4af9-8dea-55b3c0233259,false,false,false,false,false,false,false,2025-03-21,2025-03-21
02ec2b3f-66db-40dc-b9d9-2c4bb3a10b48,346b047c-6c29-43ce-8632-22c5cf29c199,false,false,false,false,false,false,false,2025-03-21,2025-03-21
eac28205-e67b-464f-b6f0-54e4b3b4ba6b,d94419da-a60f-4308-942b-82f51cafe38d,false,false,false,false,false,false,false,2025-03-21,2025-03-21
9adc0c0d-1db2-4718-a5ad-45effa972e92,ffbfec1b-befc-4b9a-86ba-20b979756bc3,false,false,false,false,false,false,false,2025-03-21,2025-03-21
ddbb3dcc-7339-4909-99ab-cc960b23600a,f7f6b84c-65de-4a41-813a-06a392e4e0e4,false,false,false,false,false,false,false,2025-03-21,2025-03-21
a0ddf989-6e2c-4a81-a151-50d5f9f1ff80,efc72314-1f5d-4d0b-87e5-5e8b4f79e75e,false,false,false,false,false,false,false,2025-03-21,2025-03-21
18686251-04a1-41c9-90b6-a3f399f597f2,c17541f9-477e-43a9-b765-3ae729b551a8,true,true,true,true,true,true,true,2025-03-21,2025-03-21
fe9b711a-3000-4f23-8aa1-e6b376d4088b,ffa05fb9-1659-4921-aaa2-95f7046163f3,false,false,false,false,false,false,false,2025-03-21,2025-03-21
82722eed-cf1b-433e-81a6-00d648fddf4a,bd994a19-c724-454a-a6a4-b5849df8af07,false,false,false,false,false,false,false,2025-03-21,2025-03-21
b6e91b13-c5e4-4cba-88c1-2c4cbbaa05b3,4bc650fd-e3ce-42a6-b427-425b0763753c,false,false,false,false,false,false,false,2025-03-21,2025-03-21
e01773f4-ff91-4a29-8877-5bc59f0b7494,40d1262b-2e9a-4117-92b5-d94dff851d07,false,false,false,false,false,false,false,2025-03-21,2025-03-21
a15b6e04-cb03-448d-a225-b0f74e0b07ca,c0bb40fb-2370-40ee-b57a-847a71141b45,false,false,false,false,true,false,false,2025-03-21,2025-03-21
08dfdf8c-c620-4997-a23d-1af0ca2c601f,79a7b366-c37b-4191-9c20-3da1d4d6de3e,false,false,false,false,false,false,false,2025-03-21,2025-03-21
d3007c4b-3fc6-4f61-a1a9-286c01ba6361,693c09cb-2dc3-4c63-832a-48ee810e51b3,false,false,false,false,false,false,false,2025-03-21,2025-03-21
26a77974-78d1-4122-91d3-b6aff04069e0,2cb932a6-d921-4cf4-b86f-af24b8fee4d0,false,false,false,false,false,false,false,2025-03-21,2025-03-21
1a9ff678-dc9a-4bd6-9470-f81c3555a982,3a825f2f-e662-4241-812e-cabc95be43f7,false,false,false,false,false,false,false,2025-03-21,2025-03-21
cf7b0a63-8ccb-4a9c-862b-945b9fbd7881,461b4d6e-be21-4fe2-944b-71884504e838,true,true,true,true,true,true,true,2025-03-21,2025-03-21
e1214e5c-b7a3-4a68-88b0-ad1c8bb2d77b,2bf26d1b-9a79-48d5-8dc8-a2bba7cd2a4f,false,false,false,false,false,false,false,2025-03-21,2025-03-21
9b81352a-7ee2-4ede-8733-df85c5b7c437,9419c78a-68d2-44a3-bf07-7561cd2af417,false,false,false,false,false,false,false,2025-03-21,2025-03-21
96237c9e-6191-4176-b9f0-b577b8798427,adc9c6d4-99fe-4f20-b894-b584ddbd4679,false,false,false,false,false,false,false,2025-03-21,2025-03-21
6a569e2c-0190-409d-9330-b6911c7d4cb6,b1e31625-846e-4658-895f-eb980b9f7a1a,false,false,false,false,false,false,false,2025-03-21,2025-03-21
05001e96-b11a-4121-94af-773d5a509524,3fe7c4a1-d873-4965-96b5-4c0829541745,false,false,false,false,false,false,false,2025-03-21,2025-03-21
439709c7-694b-4f79-b07e-be45562cdc88,adb4372b-7787-4648-a878-3f4563903f08,false,false,false,false,false,false,false,2025-03-21,2025-03-21
e7074ec7-f5f5-45a1-87d7-01c1be766d16,32971058-8753-4545-bfb0-05bc47d10920,false,false,false,false,false,false,false,2025-03-21,2025-03-21
352994bb-7e1f-4520-b404-48b9fe36779d,774007df-f34b-4a7b-a46d-64d1fcc3bb17,false,false,false,false,false,false,false,2025-03-21,2025-03-21
a5920bc1-7051-4df5-8fb1-570393c12c79,d8ce0391-34cb-49d8-bd90-83388c39339f,false,false,false,false,false,false,false,2025-03-21,2025-03-21
e02f6c70-e076-4ee9-a6b2-c1b17323e191,18168388-fbf8-49b6-927b-041fdcfd807e,false,false,false,false,false,false,false,2025-03-21,2025-03-21
c69721cb-9567-4f5b-b2a1-224aa2b76bc7,8ecf1501-1ec7-4244-af14-10ddf5aa7841,false,false,false,false,false,false,false,2025-03-21,2025-03-21
136b56f9-17a5-41d1-96c1-aa9d062d9a4d,8df587f2-701b-4cb3-ab73-e1aea5dff8dd,false,false,false,false,false,false,false,2025-03-21,2025-03-21
4fbf3f21-e0bc-4136-9ffa-a51888af6548,b29eaeb1-a14e-4230-a7cb-509edf961be3,false,false,false,false,false,false,false,2025-03-21,2025-03-21
5253349b-d3a1-4501-88a6-dc2401d8c3d8,239c0c6f-a53b-4742-8afd-b9df9c955e14,false,false,false,false,false,false,false,2025-03-21,2025-03-21
20589fc8-3909-4e9a-b747-9b87b50bee61,7dbc4f12-4df6-45ec-9934-4d91d7b74316,false,false,false,false,false,false,false,2025-03-21,2025-03-21
749d1497-90a1-45a1-b09f-7e64417a9fa3,d6a3aad2-3add-4975-8537-d154aab0704d,false,false,false,false,false,false,false,2025-03-21,2025-03-21
ad91a9a5-f453-49ed-b602-438a100c9373,cfd037cf-b2f6-44a8-8070-8d2267db33d0,false,false,false,false,false,false,false,2025-03-21,2025-03-21
e653756c-88b8-4b25-a857-8cf63659728e,ee60ddc9-315e-4dd4-890d-1bfe0f355081,false,false,false,false,false,false,false,2025-03-21,2025-03-21
77d20c52-b0c8-4afc-9014-27c8973b966e,e92ac776-de2f-4130-9031-228f61446012,false,false,false,false,false,false,false,2025-03-21,2025-03-21
4c57c522-03eb-427e-9de5-d03e32daaa2e,f0d316b4-8cf4-4875-9671-945eb34714ba,false,false,false,false,false,false,false,2025-03-21,2025-03-21
5f47181d-56be-4f10-a224-696d72ca4ce7,4d2bdcdc-b4d5-4ab5-87d3-205d2373e1a3,false,false,false,false,false,false,false,2025-03-21,2025-03-21
368d5647-cbbd-4412-8e18-12718f7097d9,15242d62-04ea-483b-b50d-7fb5b334d0e6,false,false,false,false,false,false,false,2025-03-21,2025-03-21
83c7a612-f9f3-42bc-b931-1671063ae4d7,4c1c52c2-ac89-4791-bf53-9b3ba43a78ac,false,false,false,false,false,false,false,2025-03-21,2025-03-21
2f0baf44-e66b-4798-a1dc-b697d0ac1af2,1c08ee15-f1cd-42c6-8474-4f5d170867c1,false,false,false,false,false,false,false,2025-03-21,2025-03-21
22f6aea7-c60d-4243-88f5-e9947eedae05,b52d15e4-07e7-411b-8420-037b0bcc64d5,false,false,false,false,false,false,false,2025-03-21,2025-03-21
ca024322-b8b1-48ec-ace8-3e5b41454201,cb26f7d4-4760-44ea-b472-a17c50594f3f,false,false,false,false,false,false,false,2025-03-21,2025-03-21
84f12fc0-1e52-4310-81bf-1767c09e4f24,17102a96-c317-4bf3-ad30-f51d73584813,false,false,false,false,false,false,false,2025-03-21,2025-03-21
605c9783-e8a9-470a-aaed-9c45ab97efe9,7c01675f-5aa3-4b79-9744-81b590042b56,false,false,false,false,false,false,false,2025-03-21,2025-03-21
cb65f9df-0e0d-4b4b-a057-c339b6463efc,6b089444-d3d6-4456-b593-668876aeeda1,false,false,false,false,false,false,false,2025-03-21,2025-03-21
54cdd403-3170-4c4c-8631-d559f062fa3f,291d32a1-08ff-405a-a9cc-c0947e723ffd,false,false,false,false,false,false,false,2025-03-21,2025-03-21
c5f7abdc-e662-4e4d-8941-115e393b32d3,ff76d5fe-4b9e-4e83-99af-05396c525190,false,false,false,false,false,false,false,2025-03-21,2025-03-21
4834b065-77b3-44a9-bb33-6ff7dcdfa3c1,38382631-d669-4c23-9ae4-6d4cf7a58d05,false,false,false,false,false,false,false,2025-03-21,2025-03-21
94320f52-5eba-4a3e-ad8a-71fdd345396c,807bf744-a25f-4aae-805e-2e72fa963207,false,false,false,false,false,false,false,2025-03-21,2025-03-21
dbd7fd9f-cb73-4fb5-bc26-3444a9908676,0c08bf91-8419-407e-88e2-892fa8806a0a,true,true,true,true,true,true,true,2025-03-21,2025-03-21
26f752d3-60b6-4375-9f9a-337f008578c8,38d9bd5d-bd9d-48b5-ac08-7c6f0c88813d,false,false,false,false,false,false,false,2025-03-21,2025-03-21
15fc131a-94f8-49db-a7da-1f4f52e4a015,a3def117-4326-477e-a830-73d99cc808b8,false,false,false,false,false,false,false,2025-03-21,2025-03-21
f29e5eaa-85f3-45bd-be46-c75fd483846e,4679f3ad-e305-45ba-9c39-511eb6f9f089,false,false,false,false,false,false,false,2025-03-21,2025-03-21
b76df0e4-9bd0-4456-9485-cfdb42bde4e6,1f997bf4-5586-4f7a-ae8d-83ba0f26ffd1,true,true,true,true,true,true,true,2025-03-21,2025-03-21
411aea29-deb5-4bbc-8385-60ba3de89fcf,849f9f01-c3f9-4cd1-82a5-271e6380fb35,false,false,false,false,false,false,false,2025-03-21,2025-03-21
4dacb8e8-ad83-4054-8d9c-b8eaa46a33ef,f528b5e4-b4df-405e-b2ef-34bc0d058125,false,false,false,false,false,false,false,2025-03-21,2025-03-21
9d88977e-badc-4843-ba43-d1534aa31770,734cb6f0-87da-4611-a9c0-feb31bfd6997,false,false,false,false,false,false,false,2025-03-21,2025-03-21
c1788380-66ab-46ab-859a-87fb08ae92d8,621d5451-5e08-48da-ad69-be510c567d4d,false,false,false,false,false,false,false,2025-03-21,2025-03-21
fe2994b9-6a55-44bc-b14a-5021e6504f21,9e7f6579-b73c-4c64-88b9-f8069f5166ba,false,false,false,false,false,false,false,2025-03-21,2025-03-21
d47941f4-1a78-4ea1-886b-41e164a6ece4,e9dafeb1-dcc9-4458-b6e8-076c981fafe3,false,false,false,false,false,false,false,2025-03-21,2025-03-21
ae40b5bf-49ee-418b-b100-86274c58659c,ce620f28-a1f0-40d4-adbd-23afb32bed70,false,false,false,false,false,false,false,2025-03-21,2025-03-21
db34efdc-c686-49eb-bc10-d8df051b11ee,4e9b12e3-1ad6-42b3-9f06-90b0bc8ff69e,false,false,false,false,false,false,false,2025-03-21,2025-03-21
e4af74fe-9df4-4951-b295-ee44edc28a08,62009e1a-6527-4811-863b-ad98ff97d6e8,false,false,false,false,false,false,false,2025-03-21,2025-03-21
9520bc8c-59d1-49c0-b836-d85ad5198c9f,4b70b7b6-2b42-4854-aa57-2d909fba5032,false,false,false,false,false,false,false,2025-03-21,2025-03-21
7ac384d7-b6bb-4f9d-a06d-f5c3f1bef848,5c05b2bd-255e-4bec-b88f-924f2a3ab8cb,false,false,false,false,false,false,false,2025-03-21,2025-03-21
0b6a23d1-5414-4629-91ac-84e023bdc22a,0628a1e2-1d67-498f-a162-b80d208dff59,false,false,false,false,false,false,false,2025-03-21,2025-03-21
a73b7889-0504-4e6d-b5f3-330bb059292a,f1962d79-4f2e-49fa-bdc7-e3387462e2cb,false,false,false,false,false,false,false,2025-03-21,2025-03-21
c84659ad-1426-4f52-be3b-f48cf99c02c2,98579973-07b0-4618-9acb-321eaeaee8dd,false,false,false,false,false,false,false,2025-03-21,2025-03-21
63f14c39-f56f-4dfe-97be-2da8094843b1,5b164fef-b2c4-443c-8527-57a72644874c,false,false,false,false,false,false,false,2025-03-21,2025-03-21
25f4c9d1-f804-465f-851a-86aafc9c0e8f,15d75210-3949-4ed9-a4d4-f9ec8ccab14b,false,false,false,false,false,false,false,2025-03-21,2025-03-21
719ce15d-093e-4078-9293-78e79d5c520f,0e5a2ebb-b289-4352-a1fa-34badf115f80,false,false,false,false,false,false,true,2025-03-21,2025-03-21
e1d8d7d8-aad1-4ce3-bfde-4f6141991d31,3d647f51-3484-41ca-b179-2eb6b96e41e8,false,false,false,false,false,false,false,2025-03-21,2025-03-21
389089e5-a9fa-4275-94eb-385a841f593f,67df579f-f573-4b74-9894-455a0e5c8e12,false,false,false,false,false,false,false,2025-03-21,2025-03-21
8626b03c-7eb6-493e-93ce-ffd71c9c5616,5bc08de0-0918-45cb-b917-10a01e41fa19,true,true,true,true,true,true,true,2025-03-21,2025-03-21
6258dc9d-c8ad-46f0-94e1-7cde17cc7242,713762d6-a6f9-4488-b5f1-b717cbe2c894,false,false,false,false,false,false,false,2025-03-21,2025-03-21
00502d95-3fd2-414c-bdd2-6373c817b889,f98f58b5-680d-4c0e-80dc-40560f22f4a2,false,false,false,false,false,false,false,2025-03-21,2025-03-21
354db852-b110-4ca8-b802-58969cb86556,f75edb2c-ddbe-4832-b14a-5053e8377564,false,false,false,false,false,false,false,2025-03-21,2025-03-21
2dfb471c-3e5c-49d1-885f-950f53572af0,524e8865-4646-4a51-ab53-8064d6ede8f6,false,false,false,false,false,false,false,2025-03-21,2025-03-21
cfa86823-0203-4a1a-997d-1c740d9d146b,c17ef6e6-6347-4fe6-96aa-74d7271ae01b,false,false,false,false,false,false,false,2025-03-21,2025-03-21
8da22d8f-6111-4961-bddd-f0f175aec5ce,85994b10-843e-4c99-a817-e84a519db80a,false,false,false,false,false,false,false,2025-03-21,2025-03-21
e4c6f10b-69e6-428c-94df-b83bb07fd3fa,210229e1-f95a-4d92-be50-fdee75e94f75,false,false,false,false,false,false,false,2025-03-21,2025-03-21
626d2cd6-ae48-45d6-8428-85b86fc5c50f,4b0aaa72-4ded-4a5c-b64c-e3600b100612,false,false,false,false,false,false,false,2025-03-21,2025-03-21
b92f9bbe-361e-49a6-876e-210875560de1,67566982-bcbb-45f9-b788-fc816da91094,false,false,false,false,false,false,false,2025-03-21,2025-03-21
b98437fa-fbed-4c4e-92c9-ff66abe8cd54,2f95c9fc-d823-4cbb-9356-4f2bd401e62d,false,false,false,false,false,false,false,2025-03-21,2025-03-21
7b31d9b5-1fa6-4265-85a5-93559b4e6bca,c01a3229-b081-471a-b003-c2446c50b134,false,false,true,true,true,false,true,2025-03-21,2025-03-21
87188e01-ea3c-4e33-9027-8ee94ce7a908,4cd1de3d-9db1-4bb6-8f49-ea94b7f5b9db,false,false,false,false,false,false,true,2025-03-21,2025-03-21
895ff662-166b-4566-ad14-f2f81d3e47c3,7ce7f621-db59-4c62-b612-c79a77823a33,false,false,false,false,false,false,false,2025-03-21,2025-03-21
c4bfe2ce-ea6b-481b-845e-0aeabbc873ae,4c3a2b9b-8bc0-499c-9923-889bf774d04e,true,true,true,true,true,true,true,2025-03-21,2025-03-21
ab1d999d-2bbe-4e20-92ba-7cf5f482983b,5a1f664c-ea44-4583-993b-1b744b4480b3,false,false,false,false,false,false,false,2025-03-21,2025-03-21
644c6c50-6dae-427d-b8a6-b3e935709d25,cce68bd6-05d6-440a-afe4-42007e144910,false,false,false,false,false,false,false,2025-03-21,2025-03-21
500eceb0-5f2d-43e1-9c4e-4fbd7f445aab,559a9c62-cb13-4b94-81af-3a01defb77e3,false,false,false,false,true,false,false,2025-03-21,2025-03-21
284b4e7a-507c-4e79-b9e0-2e59aacccd20,675811df-dacb-4ae4-ac7e-a7db27781498,false,false,false,false,false,false,false,2025-03-21,2025-03-21
18d392ef-c230-46d4-9a8f-d58a939d263e,fd13b056-db0f-4617-b173-563af512b866,false,false,false,false,false,false,false,2025-03-21,2025-03-21
8b32f0d6-7de1-4d2b-a2ee-f268b362411c,f8ae8f9e-72d4-4ed1-8d47-25b6d8821629,false,false,false,false,false,false,false,2025-03-21,2025-03-21
6dec3004-cdd3-491f-ab2c-b7b62d36ccf8,7aac2b22-5e31-4b46-9a64-abbe66ad5742,false,false,false,false,false,false,false,2025-03-21,2025-03-21
c3f5a203-7e6c-4cf4-9d7a-1c07339e83f6,57a1bf57-4a93-4832-9329-ccd32086767e,true,true,true,true,true,true,true,2025-03-21,2025-03-21
4331f8cf-487a-401b-916e-1386e6472524,c9ee7987-e870-4968-a478-de11bfc903cc,false,false,false,false,false,false,false,2025-03-21,2025-03-21
9ceffb2b-249c-4e51-b101-89bf378b289a,d833b36e-fb05-432d-8cf0-8677185dbebf,false,false,false,false,false,false,false,2025-03-21,2025-03-21
c1d5ed9a-a05c-4822-a141-a19f01d33850,7e2a6834-3a43-442d-9d1b-90ddf6aad6c1,false,false,false,false,false,false,false,2025-03-21,2025-03-21
a471eb4c-3023-4fa8-ad41-a461c359570e,01b0ac4e-1b92-4c59-b544-71df8a625e28,false,false,false,false,false,false,false,2025-03-21,2025-03-21
b9d270cf-fdc2-4541-837b-b2f72c20da05,08aadd74-2a05-4074-ac6f-d2c85a9a9771,true,false,false,false,false,true,false,2025-03-21,2025-03-21
be381b9a-c8cb-4f2b-ae6c-f45c8ead3e0b,9dd4df7d-119a-4f93-be20-fdfd9431cd93,false,false,false,false,false,false,false,2025-03-21,2025-03-21
1a104eee-aa94-4b5a-95f5-8c592fcbd77a,246a4970-336d-4a16-be5e-b7c41aa7af19,false,false,false,false,false,false,false,2025-03-21,2025-03-21
74ae737f-b393-4c61-96ec-19c6d74e6928,13f9cc70-d7e4-4d04-922d-855000a4acc1,false,false,false,false,false,false,false,2025-03-21,2025-03-21
b7cf6f04-3626-43c4-ac30-651c404faa71,492e120f-acea-444b-9cde-569cf4351245,false,false,false,false,false,true,false,2025-03-21,2025-03-21
3c3eef4d-8b06-4f9d-b8fc-66ef2c335310,297013f2-eceb-4316-9510-b4e89b2e5722,false,false,false,false,false,false,false,2025-03-21,2025-03-21
80c79fdd-726a-41d6-96f5-45b6b1fd9ebe,807c8472-1546-447e-aad4-ccfe1dc644fe,false,false,false,false,false,false,false,2025-03-21,2025-03-21
06eb31cc-4db6-4669-808d-ada1decd8e9e,c8e2c46e-8b84-4a04-a3ce-dadd97354af0,false,false,false,false,false,false,false,2025-03-21,2025-03-21
26b86880-694c-421c-940a-9324dafd410e,6b8688d8-b954-4c84-a658-2e643545fa89,false,false,false,false,false,false,false,2025-03-21,2025-03-21
d6ddb174-b897-4ace-96d8-d4a0ce3e08ee,a75a9db4-0d3d-4802-bb71-43a7c293419e,false,false,false,false,false,false,false,2025-03-21,2025-03-21
f5eee63d-a655-42aa-ac6c-f798f93ce832,445f6bc8-9917-4cee-a768-1b3cf749ac32,false,false,false,false,false,false,false,2025-03-21,2025-03-21
87046e56-a695-4779-9f87-6d94bb7318d0,53f7719b-f2f4-4236-a921-cb7959ca8560,false,false,false,false,false,false,false,2025-03-21,2025-03-21
11f041b9-7c38-4ec6-b11d-e19fe1762e7e,81a16ade-e20f-4ca8-9b63-0871f7d682e8,false,false,false,false,false,false,false,2025-03-21,2025-03-21
921c4b55-9233-4025-b67e-1e15ada0e844,6aefbdf1-7a76-49da-8541-4a688008b061,false,false,false,false,false,false,false,2025-03-21,2025-03-21
157b591b-3f5a-4d58-8418-1800a284af03,e3d4900e-fb5e-4c11-a315-8a375938a9c6,false,false,false,false,false,false,false,2025-03-21,2025-03-21
2c7ea2b6-15a5-452b-92c7-dda045b7e606,a709c80a-cf7f-492c-8a0b-40a5687644c7,false,false,false,false,false,false,false,2025-03-21,2025-03-21
d9ef15ea-f067-4bfb-96ef-eac6c6b9aa94,54821a48-8514-4b29-8d0d-33c512cc09c0,false,false,false,false,false,false,false,2025-03-21,2025-03-21
b4f06e86-b117-4a27-a721-62037e56d4c4,23b7d0cf-b076-4137-b393-489daae9c9b7,false,false,false,false,false,false,false,2025-03-21,2025-03-21
5f7174ff-9a66-453e-bf8e-636dd971ca13,f0aa79d8-96e7-4ffc-a148-f1942318accf,false,false,false,false,false,false,false,2025-03-21,2025-03-21
b484502a-1c74-4e75-9120-334504d81032,8d9a416b-c146-4a35-9494-64ebf3106afc,false,false,false,false,false,false,false,2025-03-21,2025-03-21
75d1ee5d-6f04-47b4-9923-d2f33885d833,97d98596-1875-4c7a-aff7-ea37d1444f6f,false,false,false,false,false,false,false,2025-03-21,2025-03-21
55336962-5a0f-4763-9fdb-71b828271065,7a1b3702-7acd-403f-a286-94c835c3cbb3,false,false,false,false,false,false,false,2025-03-21,2025-03-21
9dc9f3a5-2b3a-4941-85fd-280ee072ddd2,5d3fb802-fbe9-41dc-bc78-039410af17db,false,false,false,false,false,false,false,2025-03-21,2025-03-21
babb0f77-c2b2-43d9-a23f-fbc569c97481,077f7a67-7651-4375-94b9-9073d91c0512,false,false,false,false,false,false,false,2025-03-21,2025-03-21
f85e625a-4619-4962-adb1-b6f39b1e10bc,cad1cdb7-8f2a-448c-919e-8f700d42c456,false,false,false,false,false,false,false,2025-03-21,2025-03-21
8758c387-bee3-4192-bd79-d837e1d3f790,345fe027-a7ba-4222-a839-96695744575b,false,false,false,false,false,false,false,2025-03-21,2025-03-21
17f99e9e-0f42-4893-a595-dbc274508a85,f9b721c1-e4b5-463b-8369-bab177dc152e,false,false,false,false,false,false,false,2025-03-21,2025-03-21
0c36591a-13bc-4dd8-af8c-dc888ab9491d,30233986-8c41-45f7-8e21-bd41b097adb7,false,false,false,false,false,false,false,2025-03-21,2025-03-21
91a0fcdf-2220-4989-ba5d-6bd275aae0be,3177ce9f-bf96-4553-8de2-762aff5d47f2,false,false,false,true,false,false,false,2025-03-21,2025-03-21
b7b67225-58ba-419c-87a6-08f49cd27025,5c074ab6-848a-4fa1-8aed-754f0817c0fe,false,false,false,false,false,false,false,2025-03-21,2025-03-21
f46f245c-0a69-4441-ac23-fb71d2c2e33a,ff7afb93-936c-4b41-aa00-9d98ab793f1b,false,false,false,false,false,false,false,2025-03-21,2025-03-21
85131561-4e58-4fcd-9f2d-273bde411808,0a4a01ab-2bbf-4263-85e5-e5008949386c,false,false,false,false,false,false,false,2025-03-21,2025-03-21
9de260b8-30fd-49af-b456-e5c184581ad1,c6afc201-99e8-4f69-830e-5db416fb8faa,false,false,false,false,false,false,false,2025-03-21,2025-03-21
8dd4938a-1dd9-4373-877b-b685ac29f23e,4025ada5-83e9-46f5-b32e-2acdc56f5cfe,false,false,false,false,false,false,false,2025-03-21,2025-03-21
5998d9af-e71e-4853-a592-b5577c9311be,35a8070a-1825-4dd9-8405-0ed5c3c4527c,false,false,false,false,false,false,false,2025-03-21,2025-03-21
82e68065-bdcd-4dad-86e2-1be35eed53cd,18cb5bc7-adc2-4eaf-a232-bb3699e9ece8,false,false,false,false,false,false,false,2025-03-21,2025-03-21
ea97a12c-84a0-4120-bdca-16876d9a41bb,79f24542-7618-483b-b2ad-5e331ee7edea,false,false,false,false,false,false,false,2025-03-21,2025-03-21
8dda3687-0e13-47e6-8773-dc8d0cc6b8df,b6f1275f-1df0-4f80-afe3-25ee8a0df87c,false,false,false,false,false,false,false,2025-03-21,2025-03-21
357b18c9-6420-4699-b9c5-80772d7bee6d,225f11dc-9c58-45f2-9db0-24b4a8b1e0f6,false,false,false,false,false,false,false,2025-03-21,2025-03-21
4a9d5150-b488-4b1f-b371-d082df38dea0,2e1b1739-e499-484c-af62-34b8eb57d04f,false,false,false,false,false,false,false,2025-03-21,2025-03-21
c3c7736a-ea7e-4d8b-9dbc-961851e29330,e5fda3b5-1d55-4708-8234-8af5838ba05b,false,false,false,false,false,false,false,2025-03-21,2025-03-21
47700ca8-3a32-496d-a1dd-153cd505c07f,8c9b8a0d-d36e-4d8e-a4bf-5cd7f66088de,false,false,false,false,false,false,false,2025-03-21,2025-03-21
a89eb907-4f78-4c63-963a-916565815334,0a33f622-2c81-48f0-ad93-294cfe07a826,false,true,false,false,false,false,true,2025-03-21,2025-03-21
02f2b201-222e-4240-81b9-1ac217d621b9,f3776a09-885e-4991-958c-3cecc6f0279c,false,false,false,false,false,false,false,2025-03-21,2025-03-21
cc337b95-ca2e-47cc-99be-56d1a6c8f6e8,bcccfed9-45e0-47c5-b52e-5ca6542064f0,false,false,false,false,false,false,false,2025-03-21,2025-03-21
02257612-7d57-493b-8322-3ef5b6a03be1,482ad7c1-d20d-4152-8b7e-8faf79f0ab14,false,false,false,false,false,false,false,2025-03-21,2025-03-21
08720243-1dc6-44d8-ac54-78806b506b1d,1ce6d152-ec62-4c49-a16a-9012c24f560c,false,true,false,false,false,false,false,2025-03-21,2025-03-21
2572e049-5fcc-4fb4-bc35-2b6818abdfd7,4b6c26e0-9a40-4a00-9996-b2fb25c69837,false,false,false,false,false,false,false,2025-03-21,2025-03-21
f3b8aeff-5a6a-4361-9393-5b205de77de1,ac6c5dc1-2575-465d-acab-a952c28f7586,false,false,false,false,false,false,false,2025-03-21,2025-03-21
7e00ae6b-6c06-463f-ad3e-42d44db59798,529b35be-856b-4f16-8918-005abfb2e6f3,false,false,false,true,false,false,false,2025-03-21,2025-03-21
8e865e60-0fa3-45a0-a81f-edaeaf91abe3,9dcbc89f-eae9-4f86-ae5c-a29a6da06b0e,false,false,false,false,false,false,false,2025-03-21,2025-03-21
633e1c05-b6a1-4dd2-b164-511f44553851,7a8629b8-a79c-48ba-b88f-9bc551277c4f,false,false,false,false,false,false,false,2025-03-21,2025-03-21
1a27303c-c6b8-4b75-be59-cebb166f009f,5b170ced-6b2e-4903-a966-45257183ba5e,false,false,false,false,false,false,false,2025-03-21,2025-03-21
a9fba833-defb-4ccf-8b91-fd8e11fe4d6d,1a7e3d30-0e5f-4a2d-992c-30612b16d89e,false,false,false,false,false,false,false,2025-03-21,2025-03-21
8e109f94-766a-4737-85ac-b609243748aa,9356acb4-ca6e-4204-b503-7ec88fe0b21e,false,false,false,false,false,false,false,2025-03-21,2025-03-21
e28106cd-98e3-4f62-a3c3-0021358d295d,f557a304-0472-4188-8bdf-5227d5e6f686,false,false,true,false,false,false,false,2025-03-21,2025-03-21
b48b0b77-5a6f-4684-adbb-d75466efc9b9,c38258ed-0060-47b4-8dce-10aeb83e2a12,false,false,false,false,false,false,false,2025-03-21,2025-03-21
62d93577-53db-47f0-9999-b3eb1276af17,1fb9a7fe-ee42-481f-ac79-e330c131a15b,false,false,false,false,false,false,false,2025-03-21,2025-03-21
10bee656-7301-42af-841c-a1655e313de4,4ef21326-265d-4656-8e27-e93879d31397,false,false,false,false,false,false,false,2025-03-21,2025-03-21
3e741396-7e96-4b34-b640-1e27fa9a02f8,2ff8a6b0-1190-4783-ae39-0aba06245874,false,false,false,false,false,false,false,2025-03-21,2025-03-21
72fada8f-57b0-49e2-aa04-2d1af7eaacdf,e808ec78-7784-47d9-8a07-e1ee63482cd6,false,false,false,false,false,false,false,2025-03-21,2025-03-21
9dcae2eb-b73a-4478-bd39-c3b5666e392b,7995d6ab-d80c-493f-b98d-4baa22541f4b,false,false,false,false,false,false,false,2025-03-21,2025-03-21
e55924d3-e945-4b11-9064-b25e32f6192d,86122aca-5135-49a5-9ead-595bae64096d,false,true,false,true,false,true,false,2025-03-21,2025-03-21
31dc846f-0900-4c85-9255-22bae281558d,4869ea51-8eef-48a8-a0a9-3244372a153d,false,false,false,false,false,false,false,2025-03-21,2025-03-21
df4d522a-85ac-42a8-97f7-89b0757b5c90,cc1969ac-8516-469b-9aa0-4459977e190e,false,false,false,false,false,false,false,2025-03-21,2025-03-21
44d11309-b91b-4042-9cbf-e745d9a82a80,4be8c139-57c1-4a44-b40b-bd0f673a07ed,false,false,false,false,false,false,false,2025-03-21,2025-03-21
b9193654-7ca0-472d-b344-e1da1d91c294,688eb815-f562-4777-a851-ac75e8927984,true,true,true,true,true,true,true,2025-03-21,2025-03-21
79c1170b-6ca2-455a-a8e3-9082421bdf5c,b4be46c6-7c1e-414b-bcfa-ab143bdc91c1,true,true,true,true,true,true,true,2025-03-21,2025-03-21
94f09917-3baf-476f-a38e-175cc39f2629,c470f3dc-7d3d-4ee2-a65e-858bb1abc941,false,false,false,false,false,false,false,2025-03-21,2025-03-21
ab407aed-77d0-4ad1-a000-b66305184347,cf330e4a-6f06-4482-878d-a35abf042371,false,false,false,false,false,false,false,2025-03-21,2025-03-21
93fb9756-71ff-428d-b0c4-2faa8c6bc9f6,013ae8d5-8689-40ba-97f1-13768b27a0d1,false,false,false,false,false,false,false,2025-03-21,2025-03-21
4fd357b4-bfe2-4ccd-ae60-76f2abdb293c,4b47db99-b5df-478e-9703-066cc1f73851,false,false,false,false,false,false,false,2025-03-21,2025-03-21
124506bb-6810-4dc1-a260-e2451a753a77,57f219d8-f765-454d-9ec8-363b186349bd,false,false,false,false,false,false,false,2025-03-21,2025-03-21
f354beac-9e7e-4f5b-aca1-690b8c8aebfc,c6d0f947-db97-47e0-a91e-8b5c6c8b53c2,true,false,false,false,false,false,true,2025-03-21,2025-03-21
e49250db-8e6e-49eb-a281-63e901f4920b,068399b3-2c6f-4acf-90b6-52b4eb4f8b94,false,false,false,false,false,false,false,2025-03-21,2025-03-21
a4d8ba5a-b178-46a6-97a8-0fbd37b087e9,fa833c71-c654-4f10-bcc2-9788c2da4470,false,false,false,false,false,false,false,2025-03-21,2025-03-21
a65a8bff-ad24-4ec6-ace7-9f034b90e1ee,35673ff5-daa1-4fcc-974b-ade9f75d0aa7,false,false,false,false,false,false,false,2025-03-21,2025-03-21
72e8d472-a43d-4319-a540-ec6884d134c2,f9597543-e279-4447-9082-296acf2c03a3,false,false,false,false,false,false,false,2025-03-21,2025-03-21
af0c5618-bf1a-42d7-a574-86744dd31f1d,9f89d3ff-2fac-40df-a134-6ad1ec3573d9,false,false,false,false,false,false,false,2025-03-21,2025-03-21
898ac35d-9d65-4075-95f0-498a75f37c5c,bda5a2be-aae4-4550-a9c4-5aa6efa8f681,false,false,false,false,false,false,false,2025-03-21,2025-03-21
85f632e6-9b31-42f8-b6a0-a5b61b12bf01,e6ac0ab5-2146-4dc1-97f9-b84c384aeeb4,true,false,false,false,false,false,false,2025-03-21,2025-03-21
09dbe736-7915-4864-bfe8-97998e2c9265,e9fdf307-d00d-4e11-8b43-37f6d5a178cb,false,false,false,false,false,false,false,2025-03-21,2025-03-21
c08e34b4-51f5-458b-80fb-9bb732e3d1df,0cdb06ce-5b62-4c9b-91dd-e1006440532b,false,true,false,false,false,false,false,2025-03-21,2025-03-21
47af3e1e-5fc7-4024-8555-2b60be5f966c,f47228f0-3edf-4916-b2a0-794361124b55,false,false,false,false,false,false,false,2025-03-21,2025-03-21
de399bce-5eb7-4e0a-abff-b32cebd9cb2a,dd6da251-e194-4267-9099-fddb68c43fc3,false,false,false,false,false,false,false,2025-03-21,2025-03-21
dea2bedf-4b79-4871-aefc-f414c6f65391,4baa34fe-7191-41a1-8baa-a642cef0ba8b,false,false,false,false,false,false,false,2025-03-21,2025-03-21
7e844a1d-6cfd-43e1-8230-bf0c065c6925,828c0c43-6641-48b9-9dca-9b08637e6717,false,false,false,false,false,false,false,2025-03-21,2025-03-21
bc3756bd-8bb6-4e18-a821-dd99c842eb84,cecd9bec-0059-444b-9cee-cd6fea3b0f58,false,false,false,false,false,false,false,2025-03-21,2025-03-21
ca4445ec-a35c-42da-9421-2fd10334d5e3,14531192-fb30-4b57-ac81-ec54a2924acf,false,false,false,false,false,false,false,2025-03-21,2025-03-21
e431a579-71d8-4404-bb64-a6b3989166f0,73838428-caa2-4779-a736-370f172b6875,false,false,false,false,false,false,false,2025-03-21,2025-03-21
f268710a-446c-4a9a-add2-4fd4035a5e87,77037db5-7dd2-4c93-8d90-957b45abb584,false,false,false,false,false,false,false,2025-03-21,2025-03-21
6b9ca801-bef4-45a5-b9e8-c1c016de7a1f,ad6fcc61-d866-4925-963c-2e6d6c672840,false,false,false,false,false,false,false,2025-03-21,2025-03-21
14d82ed2-7f86-41ac-9824-3a05f2b20910,9e78c041-a1a3-4a94-bab9-80960b698e05,false,false,false,false,false,false,false,2025-03-21,2025-03-21
5ae222b6-0c78-4f2b-a07a-2952979b0644,bd2eff46-5699-4640-b1de-6cbfdef9f653,false,false,false,false,false,false,false,2025-03-21,2025-03-21
90940cdb-0cfb-406b-9b13-78a94370ab3a,76b38c48-3cdb-4586-9116-7ebd65835212,false,false,false,false,false,false,false,2025-03-21,2025-03-21
f422d97f-53fc-4288-9e7b-002bd943cb41,8d5dfbc2-8e56-4a6a-bfb7-82cec72df977,false,false,false,false,false,false,false,2025-03-21,2025-03-21
fae0d1c8-0a61-4fab-9d0d-1143ac666dd1,14532113-00ba-412a-aa92-d654ffd56bcf,false,false,false,false,false,false,false,2025-03-21,2025-03-21
320c331a-1a45-48bc-ae71-3b7050a9d1f7,3f1f14ce-a35e-4368-aacc-5a048f730bd4,false,false,false,false,false,false,false,2025-03-21,2025-03-21
001a8243-a05a-41ec-9df2-f38bfab83006,2b090eb7-e568-42ad-bd79-bdf9c04460ee,false,false,false,false,false,false,false,2025-03-21,2025-03-21
5ef9c2af-e8aa-456e-9426-a73b82379f41,c5b43108-360b-4c7f-a5db-508765d4e279,false,false,false,false,false,false,false,2025-03-21,2025-03-21
4d5eb1e5-ee12-40d3-b216-5de834c488bd,375790c2-5272-4b7e-84fe-fe20c0ca0275,false,false,false,false,false,false,false,2025-03-21,2025-03-21
8c5f650c-c8f3-4d35-9b73-a515bdfd39b8,856111b5-124b-4e95-9589-eeec2709d8fb,false,false,false,false,false,false,false,2025-03-21,2025-03-21
b330bb06-c3c1-4943-b05f-e49f1a5d0c68,8bdcd0e9-b017-49f1-8252-a94786e119ea,false,false,false,false,false,false,false,2025-03-21,2025-03-21
c2f72254-d09c-4b3c-91fd-7114bdb9f3ac,41a1a360-a90e-428c-9bac-123b417cac1c,false,false,false,false,false,false,false,2025-03-21,2025-03-21
18f609e5-c10d-4706-9ec9-636ca260ea7b,b01d15a4-7eb3-481d-a4bb-0618fa4720e2,false,false,false,false,false,false,false,2025-03-21,2025-03-21
2d5ddc07-8c70-42b4-878c-19da53a058c0,91e34f0f-4be2-41d8-8e68-8db104aca9ca,false,false,false,false,false,false,false,2025-03-21,2025-03-21
cdd8021f-069e-4215-bbba-1ab5447e609a,35a0f00b-8b94-4923-b2ab-d848f936b50a,false,false,false,false,false,false,false,2025-03-21,2025-03-21
3ec397ab-4324-49d8-935d-f0b31340ddb4,c812eb99-8f61-48cb-b893-f9ee12edfe95,false,false,false,false,false,false,false,2025-03-21,2025-03-21
53d9f4af-934e-4678-85b9-020957cc2bc7,62e4f347-e5ea-4240-93af-867ede9b5b34,false,false,false,false,false,false,false,2025-03-21,2025-03-21
8d715c38-f2ef-4af9-b40f-f1d08ed16a39,162cd3ea-9b2a-45e5-9105-c364aca69360,false,false,false,false,false,false,false,2025-03-21,2025-03-21
3a1c0c46-1b0d-4801-bf13-f901e89edf17,4a793705-a1b3-402c-bddb-20b63a54c596,true,true,true,true,true,true,true,2025-03-21,2025-03-21
ee594adb-a1aa-4964-9a97-ed3ca2c7fb5f,031e428d-55b1-40a8-a506-d09a7ef6190f,false,false,false,false,false,false,false,2025-03-21,2025-03-21
8bd0b74a-6167-43e0-bcb8-8d1208995172,f9f41985-5b8d-4e2d-8160-09ce1948d6df,false,false,false,false,false,false,false,2025-03-21,2025-03-21
c095bb3e-f6cf-4c96-bc0f-8b7fe60ac4b1,c2ac6082-70bd-4d81-a73f-ed6a0a8656d1,false,false,false,false,false,false,false,2025-03-21,2025-03-21
0476420f-5256-4e1c-aa3a-46bb14b9c064,27b0793e-fb43-437d-aacc-1d3dec11f3e3,false,false,false,false,false,false,false,2025-03-21,2025-03-21
2d43290f-87f8-4bb1-964f-6c845423a90e,50134b73-1411-465b-886f-9c020067cbc9,false,false,false,false,false,false,false,2025-03-21,2025-03-21
035f03fc-b304-4483-aa4c-c0030ddfe6f4,9df9e4d5-3b91-4a31-8c40-d27740c8a756,false,false,false,false,false,false,false,2025-03-21,2025-03-21
05237f3e-bbdc-4835-b7a2-39ebb45af8c9,6699fa5c-3d14-48a4-bd8b-5f8e230deaee,false,false,false,false,false,false,false,2025-03-21,2025-03-21
7b059794-9467-42ca-8cd9-b0f659e716dc,b893c10c-7886-4f63-bb5d-81f593e3fb6f,false,false,false,false,false,false,false,2025-03-21,2025-03-21
4de55bb8-f438-4a6c-b819-a28a58e9c40e,0cabddb8-e48f-41ba-a2c6-883b0fa1bc84,false,false,false,false,true,false,false,2025-03-21,2025-03-21
5bc7c6d3-0ae5-47d8-8067-30bdafaa9317,f35098b3-8f65-43bc-8294-f4b8a9e520f9,false,false,false,false,false,false,false,2025-03-21,2025-03-21
e89dde47-e90a-44c6-a765-4ac8de2782b0,c7a6fcd5-f564-45b8-b120-1ee3f914a89c,false,false,false,false,false,false,false,2025-03-21,2025-03-21
487b8d45-8590-4e45-9725-0c77460b63d2,871a134e-59ce-4d7a-9423-7d7b1d3fbb83,false,false,false,false,false,false,false,2025-03-21,2025-03-21
ada624c0-b6f7-4331-a40d-98e86dcc8e48,1992a88c-a41e-4300-81a0-ebb0207cd661,false,false,false,false,false,false,false,2025-03-21,2025-03-21
52de03a6-c15e-4ed6-a445-9cbcc5effaec,791c9a19-f17c-4859-8d2d-65abed5ba0f7,false,false,false,false,false,false,false,2025-03-21,2025-03-21
4c4d0a8b-257c-4568-b9f0-3b0e6b7e9bd5,952bfa5b-cdf5-41ba-9ace-a9865d554283,false,false,false,false,false,false,false,2025-03-21,2025-03-21
6672ac29-2d5e-4943-a863-e60e7d3dd040,63933104-30df-46e4-9ea3-e4aab46e7bc1,false,false,false,false,false,false,false,2025-03-21,2025-03-21
dacabb05-5b66-4a8a-97f4-c41ae298ca42,98c70f7d-dc6b-495e-a8b0-1411270d20e5,false,false,false,false,false,false,false,2025-03-21,2025-03-21
6c6a6831-1a9e-4f1c-adc8-88be7da46545,0d0ce280-4de4-41c8-b2b9-a46a78615293,false,false,false,false,false,false,false,2025-03-21,2025-03-21
2c932922-ebd5-4531-98ef-96deee7cbf84,07332a1f-d51f-4f69-858b-a94adf4c1351,false,false,false,false,false,false,false,2025-03-21,2025-03-21
d0c8b33c-4ae6-48d9-bf1a-fcd179281f1c,26f8fd04-68db-451a-8f4e-ae8ac41b085a,false,false,false,false,false,false,false,2025-03-21,2025-03-21
c55a2219-3e5c-4561-9da3-9ac902a1eda4,df72b32e-9f5f-4532-8845-b7695e13b9d3,false,false,false,true,false,false,false,2025-03-21,2025-03-21
82c3190f-a726-4f1f-97de-c607fb64eab0,c325ead6-1a8e-4fca-ab08-31aece64a169,false,false,false,false,false,false,false,2025-03-21,2025-03-21
842e2b51-d09b-48ab-b72b-9cb61e7abe7f,bf413775-39fd-4b3d-98b3-a9fb6e0336a6,false,false,false,false,false,false,false,2025-03-21,2025-03-21
0ea9e61f-6156-4846-bd78-7d9407cd2419,bb109972-ed19-46ba-9a15-340408c1840b,false,false,false,false,false,false,false,2025-03-21,2025-03-21
1a2f6849-f28a-46e6-810f-fc666e481a18,a8459a04-df84-4188-949f-da810af3aec6,false,false,false,false,false,false,false,2025-03-21,2025-03-21
ce1746df-ec55-465f-ba35-5a6f20417ef5,71b42599-4e6a-4ddd-875a-ec7bc0d0c7d8,false,false,false,false,false,false,false,2025-03-22,2025-03-22
f982109e-835e-4f67-aeba-9cfedb3bb0d5,08ab572a-51ab-431e-b010-355c6a516683,false,false,false,false,false,false,false,2025-03-22,2025-03-22
5c975a46-bead-4ad7-883b-b3763f3826ea,ab57726c-eb97-4190-ab92-148cc6b24e33,false,false,false,false,false,false,false,2025-03-22,2025-03-22
a18d3168-7e81-49d5-a173-1b84544a24c0,8d9c3a89-3b02-4448-a0a8-f25385bda66f,true,false,false,false,false,false,false,2025-03-22,2025-03-22
40421f2c-4c66-45de-b661-f034e163906d,a885224b-3d82-4936-8ed5-956e076f5899,false,false,false,false,false,false,false,2025-03-22,2025-03-22
591de33b-99d0-4f1d-8d4e-d4b5bd379011,cb9c2fb4-5a9a-4848-8e1f-56af323553a3,false,false,false,false,false,false,false,2025-03-22,2025-03-22
b136e19b-e365-4ae5-9580-21a3cfafc3cb,5a434db0-5f19-4851-8e1d-a696fa60995f,false,false,false,false,false,false,false,2025-03-22,2025-03-22
643b7cfb-b3f6-4dbd-8da5-454aaa8f6183,9935cabb-c004-4c18-a93b-a11bb7565afa,false,false,false,false,false,false,false,2025-03-22,2025-03-22
2f3044e9-721f-4ce6-b993-a45304e9ec6f,e946ae90-289a-46bf-a3a0-6e612dd3ef70,false,false,false,false,false,false,false,2025-03-22,2025-03-22
63cf144b-57be-4cd6-a891-2ae3d150c5fb,8585c32c-1a6e-4d28-9d16-f7660f32f2d3,false,false,false,false,false,false,false,2025-03-21,2025-03-22
e03dca59-cc42-4e66-b1c0-1cbf0cd38ab6,577e8895-7a79-4ab2-95ba-8363f70f04a6,true,true,true,true,true,true,true,2025-03-22,2025-03-22
3eaa9365-52c4-452a-b13e-a0a1aa74ce74,0f724961-bc00-46ba-86ca-7fc2bb3451d8,false,false,false,false,false,false,false,2025-03-22,2025-03-22
20418817-9eca-4c80-a3c8-f2f53991cd6b,100554c2-1820-44a7-9dde-79ab50dd533a,false,false,false,false,false,false,false,2025-03-23,2025-03-23
67b9ddaf-ae60-4c95-a0cc-c90c4b99975b,ceab8e9d-b05d-48e1-aabd-40164a482251,false,false,false,false,false,false,false,2025-03-23,2025-03-23
fe5a31a4-a38b-42a2-ab85-88ee44419d24,f76052b0-3280-45da-884f-9f7db40f188f,false,false,false,false,false,false,false,2025-03-24,2025-03-24
afb7456a-dcc3-4104-80b7-efb0fcb7692b,952f01d0-4916-4b51-9bee-8d3b6d677b07,false,false,false,false,false,false,false,2025-03-25,2025-03-25
c231bf85-f4ba-4497-8c4f-23d83a754323,fdd2f37d-920b-406a-9c4f-8c2b5e19c4de,false,false,false,false,false,false,false,2025-03-25,2025-03-25
39c779c5-f1db-4b78-ace5-39b40c53e231,f740a412-2f6d-4b43-9c05-ba4a62aeb09f,false,false,false,false,false,false,false,2025-03-26,2025-03-26
2aeae656-a6ac-49e1-913d-ab81fc73ee53,940e6411-dcbf-41c2-9b49-b097b3aaf3ac,false,false,false,false,false,false,false,2025-03-26,2025-03-26
65108726-ed99-49d4-9854-f1ed2938dce2,64747f41-412b-42a6-9a85-aff2ea526827,false,false,false,false,false,false,false,2025-03-26,2025-03-26
b2059330-cb18-4b31-991f-fab4655dabc9,bc6f560b-c4cf-485a-9fb8-3ae6cbab7487,false,false,false,false,false,false,false,2025-03-27,2025-03-27
81a0beb6-8d28-4fae-9453-3501ca20aa28,cf0c6ac6-23a2-46ec-822a-9dcc7991bd13,false,false,false,false,false,false,false,2025-03-28,2025-03-28
af2fc082-d050-4e41-b32b-3bafa95d956d,ece2d8cb-188f-49b7-b255-a2b98ab8ba1c,false,false,false,false,false,false,false,2025-03-30,2025-03-30
d804df51-1805-4c5b-99e7-6e7a44e024d5,e1fa2bf0-e4c4-4d87-a154-8ec9882fa94f,false,false,false,false,false,false,false,2025-03-30,2025-03-30
5fc12100-268c-461c-94d0-efc70d706761,a2244bae-b3de-414d-bb77-8aaea6b73c65,false,false,false,false,false,false,false,2025-03-31,2025-03-31
47d2f399-5266-4f3c-9f46-cbd157a988da,258da22d-4980-48d1-8d69-c79cd50e2e75,false,false,false,false,false,false,false,2025-03-31,2025-03-31
137903e6-06a9-4e6f-9663-6de876854510,7ba9713b-3c84-4fd9-8e6e-8539e49b0230,false,false,false,false,false,false,true,2025-03-31,2025-03-31
5a3efe98-3b7c-4700-b1d9-f3327913beb9,3b75ffc3-6899-4f55-b10f-985e7c144ead,false,false,false,false,false,false,true,2025-03-31,2025-03-31
a8a89b7f-da1f-4f31-ae32-ced5af16df2b,eabf21af-70c7-4211-a425-4d72558e35ed,false,false,false,false,false,false,false,2025-04-15,2025-04-15
2a49eda8-bcd4-4bc9-8cbb-52afbf943e6a,30664d3c-d272-42a7-a18a-636ed081629f,true,true,true,true,true,true,true,2025-04-15,2025-04-15
05f40bf2-d4e8-4af7-9290-537304790849,633744d3-62b8-46c7-88b0-34c412d1eb7b,false,false,false,false,false,false,false,2025-04-16,2025-04-16
8eee8fb2-40ea-4870-abad-1b8d98242f75,05412d2f-b74e-4379-8a43-9e6bc58680fb,false,false,true,false,false,false,false,2025-04-16,2025-04-16
1f16bcf0-d4f5-40fd-9684-c63900c52385,331cd09e-88a7-4572-a145-52cf80d282ee,false,false,false,false,true,false,false,2025-04-16,2025-04-16
8dbf7ee4-6621-4a63-8172-49ef43bec0e6,9a845833-007f-42a5-a559-b2255d6da594,false,false,false,false,false,false,false,2025-04-16,2025-04-16
ab856550-34aa-4228-8f6b-25ef838eca94,e491726b-83ee-4b66-bc46-e7e5a6301c1b,false,false,false,false,false,false,false,2025-04-18,2025-04-18
5955324c-8090-4706-8459-d109da322be9,7fdbb070-cc4f-4383-8b13-4fbb3ad1bffd,false,false,false,false,false,false,false,2025-04-19,2025-04-19
ebc4d151-625d-4397-a5a7-c962586f5a8a,7e3de203-6461-4cf5-8a32-35c7f007c7f4,false,false,false,false,false,false,false,2025-04-22,2025-04-22
210c7d82-8c9b-4010-9f79-cac919c3d5c4,6255b4b0-0176-4f4f-89c5-aa2efc30df79,false,false,false,false,false,false,false,2025-04-23,2025-04-23
d70a08bc-5815-4e46-8652-8a83cd3a443a,caf38940-a090-4c0c-aeeb-777fd1027799,true,true,true,true,true,true,true,2025-04-23,2025-04-23
15583450-7acb-42af-9dde-b04f1ec4c6d4,49918be4-0278-42b7-a62f-af55994e935f,false,false,false,false,false,false,false,2025-04-23,2025-04-23
1795d3c4-86a8-4aa6-8196-e506bb511ed0,5645ec59-6515-4912-969e-e11f824ce633,false,false,false,false,false,false,false,2025-04-23,2025-04-23
70ad33c1-2d33-4c5f-b3af-947ef566469f,7c1a4242-3bb9-4c34-9b9e-baaff0d12e18,false,false,false,false,false,false,false,2025-04-23,2025-04-23
ffa805d0-1a6c-42db-9be8-3be70dee1ca9,4c224f62-e59b-4ad9-ad80-41886db94fe1,false,false,false,false,false,false,false,2025-04-23,2025-04-23
dd9c8f6a-4e73-45f8-bfea-cc28bb5c88d1,80e34df8-b00f-45fe-8dba-d2a2fcfc41d0,true,true,true,true,true,true,true,2025-04-23,2025-04-23
f10d7cff-3216-47f9-9d62-1a1279119b18,1bff3bb1-feca-4178-866d-9d7efa1e9dde,false,false,false,false,false,false,false,2025-04-23,2025-04-23
b26633b3-8947-4c99-8b2f-0cceea31caee,f9cf78ce-3981-488f-a360-0ecfc0a8bed4,false,false,false,false,false,false,true,2025-04-23,2025-04-23
00dea839-ab07-4907-8d53-de26f2bf4d3d,f0e423b7-40a7-4e3d-beef-4fc8d24275ba,false,false,false,false,false,false,false,2025-04-23,2025-04-23
c8f453e3-b7eb-4b90-bdf2-184ce2a14290,6bb70c48-b4ad-4a3f-942e-c4607cbe708a,false,false,false,false,false,false,false,2025-04-24,2025-04-24
ef3828d7-a52c-44a4-88e3-048440115d26,692d9156-37f9-4a45-b88c-e6871917e05a,false,false,false,false,false,false,true,2025-04-24,2025-04-24
b27e6c5c-7137-4b2c-8971-78fdb1903b68,b335de01-6c1d-410c-954a-a24ef9fc3182,false,false,false,true,false,false,false,2025-04-24,2025-04-24
5dbe0fcf-e1ef-47ac-889e-4f332dcb2b2c,4088c35d-52be-4dfb-b0aa-b6cc98c0b76c,false,true,true,true,false,false,false,2025-04-24,2025-04-24
fac8a8d1-6fdf-46dc-9325-1df607b9dc21,7251fc4b-5251-4493-899b-22d55985aefe,false,false,false,false,false,false,false,2025-04-25,2025-04-25
946fcd52-0438-45bc-aca1-ac2f1b7be066,522bbde3-7b12-4301-9b02-acb8350ae2c6,false,false,false,false,false,false,false,2025-04-25,2025-04-25
00da31d8-cc1d-4701-87b0-e5ef170de141,ba24c3c2-15f5-4d25-b7a9-c2a31a83f0cc,false,false,false,false,false,false,false,2025-04-25,2025-04-25
94a0363b-c597-44fe-914c-3934c039ca47,1b4b55a6-e6e2-46a4-918b-08dc83ac644f,false,false,false,false,false,false,false,2025-04-26,2025-04-26
3d2df269-f79f-4d83-85e0-b2966a3872ae,10b868c0-91ab-41cb-a6f1-db1352d2f301,false,false,false,false,false,false,false,2025-04-26,2025-04-26
a8db59ed-f334-467b-a077-6e432edd5164,426aa326-fa11-4dda-848f-340f1915e854,false,false,false,false,false,false,false,2025-04-26,2025-04-26
18d5e34d-40e1-4485-acbc-5f08ac80349c,c6b92603-f9a0-4e4a-a551-272002ff25fd,false,false,false,false,false,false,false,2025-04-27,2025-04-27
88a9a743-77d7-4618-8ff4-e6f0150b0d73,04cd8a04-bdf3-4eb3-8003-386766dd3e4e,false,false,false,true,false,false,false,2025-04-28,2025-04-28
427158ff-79de-4e45-81d3-87fa571cd414,948bc44a-8980-4c69-9a36-79b7c2898e06,false,false,false,false,false,false,false,2025-04-28,2025-04-28
35f7564a-1c04-47da-aae1-4d6a82656ae9,05e15c24-cb92-4d72-9341-18ecb702ecb5,false,false,false,false,false,false,false,2025-04-28,2025-04-28
1226f4c5-524d-4d55-9c1e-1157e6adc393,274fc5bc-29ab-412c-9625-a6e5fc35e8a5,false,false,false,true,false,false,false,2025-04-28,2025-04-28
394c78fe-eaf6-492d-b3b3-4073c17ac020,9644d3d3-2e84-42d5-9784-96ac1135c8b5,false,false,false,false,false,false,false,2025-04-28,2025-04-28
66a64b01-0c3f-4ecf-9518-b9315f431dc5,6ea7d233-03fe-4f7a-82f0-e250278caac5,false,false,false,false,false,false,false,2025-04-28,2025-04-28
a2308243-9407-4a94-9e4e-1d516752e8e1,7e03d77d-9a34-4e91-88f9-31dff24208cf,false,false,false,false,false,false,false,2025-04-28,2025-04-28
b096043a-66f0-4179-a346-44c589465f13,58860352-4ebe-4a51-8d2e-852569e47c84,false,false,false,false,false,false,false,2025-04-28,2025-04-28
c9318651-2d4d-48e6-b874-ee93ec1befe9,fad94479-ce1d-49aa-aa8f-017445e80fbd,false,false,false,false,false,false,false,2025-04-28,2025-04-28
46f56e50-263d-48fe-9b66-84c04e4301ca,340ec829-392d-44a3-8195-a79fa1e835af,true,true,true,true,true,true,true,2025-04-28,2025-04-28
63270a61-704a-42b5-8094-8ba57216773c,c2766ee2-9e39-4da4-b043-fe000e3788e0,false,true,false,true,false,false,false,2025-04-28,2025-04-28
b3d5df8b-5f7e-4266-99fe-7bd253634d2e,540813c1-15a4-4ffb-b9f9-8ec2828bab51,false,false,false,false,false,false,false,2025-04-28,2025-04-28
6c288496-ee47-485e-87c9-45c9e7674d79,2abd26d0-d985-4e1b-b159-f21545e7bc3c,false,false,false,false,true,false,false,2025-04-28,2025-04-28
847fa3a8-e17d-45c3-8a3c-3d06a9809117,280cc71a-e08a-489c-9556-f71b364c49a1,false,false,false,false,false,false,false,2025-04-28,2025-04-28
8bdb9f7e-9f8b-4eae-92b5-1d089a86b9a4,075d11f1-0147-4415-a17b-cf26e9c515e9,false,false,false,false,false,false,false,2025-04-28,2025-04-28
854bce7b-aaf9-4f8c-b90c-2b2d0756353f,32372e85-24c5-4c2e-aafe-e9165b281b80,false,false,false,false,false,false,false,2025-04-28,2025-04-28
ee2aff59-6373-4f93-b0ea-872126c304d0,73291bcb-ccb8-4da3-95c8-09f140f5a79e,false,false,false,false,false,false,true,2025-04-28,2025-04-28
072993b3-0071-4d2a-9a9c-5a9ea481446e,70e3c30d-02e7-463b-8108-5de38575a847,false,false,false,false,false,false,false,2025-04-28,2025-04-28
f75fb83e-1718-4569-9c23-df062a15de1d,61956da3-4b35-4529-857f-cedacd5d4df5,false,false,false,false,false,false,false,2025-04-28,2025-04-29
3256155f-113e-4b6b-9f3a-8447e6bd859b,d2dfd7e0-5fee-46f4-b473-1c5976a6fc6c,false,false,false,false,false,false,false,2025-04-28,2025-04-28
84e3c107-a553-4be5-8c0a-bc955c8b7543,2c40389f-7a5c-437b-8133-59fbe6eeaad7,false,false,false,false,false,false,false,2025-04-28,2025-04-28
3e964e24-f45d-4187-9a02-133292fe0d3a,2f7df1e9-46c0-4af0-8df4-d0ca1eb98273,false,false,false,false,false,false,false,2025-04-28,2025-04-28
ff53daac-1767-4a4e-be5f-4eb95cfad1c2,5b3cb576-3a27-45bf-92f3-fba207c15352,false,false,false,false,false,false,false,2025-04-28,2025-04-28
ed247370-1d8a-49ab-885c-55684da1c1d6,b2869da2-c788-4baf-ac6a-bdda0ad07449,false,false,false,false,false,false,false,2025-04-28,2025-04-28
b0551230-37c7-4800-8a14-eea1fd4aa600,3afd287a-36d7-4159-b3d4-2941a61ad36b,false,false,false,false,false,false,false,2025-04-28,2025-04-28
af1baa89-725b-4edf-b962-ac07db8f5f8c,dfc140db-007a-4806-8ff4-3f33130becc5,false,false,false,false,false,false,false,2025-04-28,2025-04-28
ca56d6af-d3f9-4715-ba5f-1ae36bcadf60,a77218fa-d770-4b04-89ec-1ec7628a3196,true,true,true,true,true,true,true,2025-04-28,2025-04-28
fc8a0fd4-abfb-4ada-803d-85db0a20bf97,d137fb61-3b07-437d-8b1f-aaa6f420ad4c,false,false,false,false,false,false,false,2025-04-28,2025-04-28
82a6bd21-7610-4b52-a7ce-d77baa15dec9,2fe31c1c-4d22-40de-a49d-047ed1f8118d,false,false,false,false,false,false,false,2025-04-28,2025-04-28
62739b6e-532a-43f4-806f-9e232529ed16,b6e9857a-1c66-4ff8-bf87-9d8aa8716a68,false,false,false,false,false,false,false,2025-04-28,2025-04-28
ff4acd2b-900e-4f6d-9356-f6840d5ba7db,7059cab6-192e-473b-ba64-c602a1932245,false,false,false,false,false,false,true,2025-04-28,2025-04-28
d45f9c12-c446-4a38-87ea-0b2720e4c610,3297baa4-5f7e-46f9-bcc5-c0d9bdc26ffb,false,false,false,false,false,false,false,2025-04-28,2025-04-28
77991056-fc6d-4c5d-b725-470c8472d162,d22c6d5e-9dba-4622-8e7e-88bede81deaf,false,false,false,false,false,false,false,2025-04-28,2025-04-28
0b381458-55ac-4c68-9a7d-c6c923fa5516,e90fd027-e6f8-4320-b671-e74bd8f39850,false,false,false,false,false,false,false,2025-04-28,2025-04-28
dd0c61c7-8572-4273-9c77-a097298eeed3,3820cf51-c6d2-42d7-86b8-82a8e9033be4,false,false,false,false,false,false,false,2025-04-28,2025-04-28
e36c15fc-7bce-4e1a-bc2d-62c1359bad47,a10a1d6e-de9b-432c-a713-b4cb04588a61,true,true,true,true,true,true,true,2025-04-28,2025-04-28
a029c6dd-4a06-46d9-9f70-4caef1f01ae7,764f1674-9367-404c-8c76-2902172f1533,false,false,false,false,false,false,false,2025-04-28,2025-04-28
5c98d753-93f4-4b00-b833-78dcbbd640e3,c195275b-f93d-4aa6-bef6-dd7e10ff11fb,true,true,true,true,true,true,true,2025-04-28,2025-04-28
73788981-ab89-4a0f-84de-86a9553fe459,10eda703-3c9b-4cc3-a9d0-8abbc1e01db2,false,false,false,false,false,false,false,2025-04-28,2025-04-28
c73fd360-eafa-4413-9788-c20d2a0a5550,63c5d143-8054-4824-93c2-160c481e5b85,false,false,false,false,false,false,false,2025-04-28,2025-04-28
c0ae6be2-13f1-439c-8095-7e2e8ab4e8d3,602b197c-f8c0-4225-8379-0fea99fc375d,false,false,false,false,false,false,false,2025-04-28,2025-04-28
a2dbf0d9-0847-4dd8-9387-805e380343e9,d4cb0779-5035-43ee-90a3-817222f1a577,false,false,false,false,false,false,false,2025-04-28,2025-04-28
5af75491-98ab-42a2-a7e3-cf9770bba384,e81bf67d-b870-43ae-8b86-52423f83dc05,false,false,false,false,false,false,false,2025-04-28,2025-04-28
1c9f569f-6d08-4fd4-9d8b-b674c27eb78e,3cf80bf4-daad-4070-a6f3-0287304d1614,false,false,false,false,false,false,false,2025-04-28,2025-04-28
0fdea89a-2390-4ca2-b4cf-1d06c1cfaeaf,12ac8207-03d5-4dfa-9f5b-0f2f7ee61c30,false,false,false,false,false,false,false,2025-04-28,2025-04-28
4192356a-dcd7-4c63-a449-1cd5213c2652,3c2f778b-b393-4f20-a24b-908f464e92c1,false,false,false,false,false,false,false,2025-04-28,2025-04-28
98110307-98a4-4bf1-926f-ade8aa54ddf5,1f5110ea-3c33-4ed5-a5ef-508542217cf4,false,false,false,false,false,false,false,2025-04-28,2025-04-28
9e87f9cd-1794-4a9f-aba7-9c29ed643b70,985719bc-2b2c-4874-8d58-ab370adcb939,false,false,false,false,false,false,false,2025-04-28,2025-04-28
b193f31e-1570-48b5-97a6-d2326ed652c1,3dbdff37-5f47-4baa-8ef9-fa03cfa0589c,false,false,false,false,false,false,false,2025-04-28,2025-04-28
082238e6-c288-4104-a6ec-3b8d11c33d75,5d2bd430-88b0-4801-86ee-4627c38686cf,false,false,false,false,false,false,false,2025-04-29,2025-04-29
c0bdfc11-68d4-4db1-a79f-5d6ca4c1c650,4686c641-ee3c-4e8d-9f62-d894c4c0c2c7,false,false,false,false,false,false,false,2025-04-29,2025-04-29
11bc8766-a972-49f8-860d-d084fd71e001,ff0b7cac-7a40-41a1-bc2a-d7ccecb3aa6b,false,false,false,false,false,false,false,2025-04-29,2025-04-29
e0c6aa25-0ef6-4d06-b1af-04c0cf072acf,810093e0-ca24-4cb8-8eb4-ca3eac40126e,false,false,false,false,false,false,false,2025-04-28,2025-04-29
abce688e-8d6a-4c40-acb0-e3a5bbcabeb4,adb3d6b2-a320-4fc1-9805-c36803035651,false,false,false,false,false,false,false,2025-04-29,2025-04-29
d60d1528-058f-4df9-bad2-7282d41b90f9,74c5b3ae-11ed-4fba-9420-2d72ddf91d25,false,false,false,false,false,false,false,2025-04-29,2025-04-29
2c3723ec-e9b6-4ace-b32d-d9e3f7d725f0,843b0105-c597-4661-83be-22d8f06827e8,false,false,false,false,false,false,false,2025-04-29,2025-04-29
cd6f487f-8eca-485d-b8cc-8690f937a624,fadb1550-faa7-4ab2-b229-434cca3b1b64,false,false,false,true,false,false,false,2025-04-29,2025-04-29
cf6b84b4-74da-4b27-9c54-7166cdcbc92d,d5d47e85-e33f-4b22-a0f3-10ad982b5ed6,false,false,false,false,false,false,false,2025-04-29,2025-04-29
4c996740-6f19-4ca6-9e29-5c36e84b7bd4,2b724fff-87c6-470a-ae2b-ad99e00c14e9,false,false,false,false,false,false,false,2025-04-29,2025-04-29
49fe6a38-6eaa-46e5-b766-dd8fba911a51,d8f94413-2365-42ea-8f28-feb9335555a8,false,false,false,false,false,false,false,2025-04-29,2025-04-29
aa4cc0bb-6e23-4e8c-a783-297a303e812e,b3b388d7-042c-470b-b6fc-c935b9205841,false,false,false,false,false,false,false,2025-04-29,2025-04-29
67bfba22-460a-4148-ad9e-dd0fc0760611,798a722a-6970-496b-bfcd-3fcc44ce2468,false,false,false,false,false,false,false,2025-04-29,2025-04-29
c58ddb4e-4022-45c0-9bc4-c0008c80b111,e5c6b797-60cd-4a3c-8b32-ce384313a0db,false,false,false,false,false,false,false,2025-04-28,2025-04-29
49ad97cd-0152-4c04-a568-7386f783b04a,2d658a6e-bf98-44c1-84cf-ec0f33856209,false,false,false,false,false,false,false,2025-04-29,2025-04-29
03609801-7781-4e18-9689-e0964f768c87,af53da14-650d-4b7a-89d4-87c690a46467,false,false,false,false,false,false,false,2025-04-29,2025-04-29
b0daf33e-7b60-4cfb-bd9f-857baeae3d56,7209e7be-e8d0-4527-9e5b-f8e6f75e8779,false,false,false,false,false,false,false,2025-04-29,2025-04-29
9d8ba352-8933-4868-8529-9dc60b9c414b,1f65a38f-092a-4e7d-a306-004b5db86340,false,false,false,false,false,false,false,2025-04-29,2025-04-29
d193bf8e-f5e5-4ee7-9789-2630260905a8,05e461f0-aa2f-4074-9fc1-87259ccdbd2c,false,false,false,false,false,false,false,2025-04-29,2025-04-29
90b65191-59c1-40d4-96d5-1a2d25cd0f9e,d8ddfb50-a234-4108-957a-b4b09a6ba252,false,false,false,false,false,false,false,2025-04-29,2025-04-29
2a971be3-77b7-489a-9fde-187a3b697e14,710bd676-219f-4b70-84a0-cac45d6277ba,false,false,false,false,false,false,false,2025-04-29,2025-04-29
57b788e6-3e09-492d-ad53-98c97fb3479a,bf4f2b43-9852-4ca7-b91a-cf9fb8ef0ed9,false,false,false,false,false,false,false,2025-04-29,2025-04-29